drug_name,virus,protein,ic50_nm,ki_nm,kd_nm,binding_energy,smiles,source,pic50,mol_weight,logP
Remdesivir,SARS-CoV-2,RNA polymerase,100.0,80.0,120.0,-8.2,CCC(CC)COC(=O)C(C)NP(=O)(OCC1C(C(C(O1)(C#N)C2=CC=C3N2N=CN=C3N)O)O)OC4=CC=CC=C4,Literature,7.0,780,11.1
Remdesivir_variant_1,SARS-CoV-2,RNA polymerase,89.48947772458664,88.30227394961199,130.22205679131415,-8.624616694909573,CCC(CC)COC(=O)C(C)NP(=O)(OCC1C(C(C(O1)(C#N)C2=CC=C3N2N=CN=C3N)O)O)OC4=CC=CC=C4,Literature,7.048228026525403,780,11.1
Remdesivir_variant_2,SARS-CoV-2,RNA polymerase,96.83508742724665,103.33261349259831,144.62343103413605,-8.02727321105301,CCC(CC)COC(=O)C(C)NP(=O)(OCC1C(C(C(O1)(C#N)C2=CC=C3N2N=CN=C3N)O)O)OC4=CC=CC=C4,Literature,7.013967251008037,780,11.1
Remdesivir_variant_3,SARS-CoV-2,RNA polymerase,113.50717458244463,83.5097926650582,130.43000624964552,-8.141989905871666,CCC(CC)COC(=O)C(C)NP(=O)(OCC1C(C(C(O1)(C#N)C2=CC=C3N2N=CN=C3N)O)O)OC4=CC=CC=C4,Literature,6.944976686637475,780,11.1
Remdesivir_variant_4,SARS-CoV-2,RNA polymerase,110.12209426755832,91.16582580986287,150.92067127581578,-7.940586595452519,CCC(CC)COC(=O)C(C)NP(=O)(OCC1C(C(C(O1)(C#N)C2=CC=C3N2N=CN=C3N)O)O)OC4=CC=CC=C4,Literature,6.9581255379234985,780,11.1
Remdesivir_variant_5,SARS-CoV-2,RNA polymerase,114.12159366073115,87.65789445157372,137.6178028115265,-8.29921283499968,CCC(CC)COC(=O)C(C)NP(=O)(OCC1C(C(C(O1)(C#N)C2=CC=C3N2N=CN=C3N)O)O)OC4=CC=CC=C4,Literature,6.94263217223027,780,11.1
Remdesivir_variant_6,SARS-CoV-2,RNA polymerase,124.11194771758987,89.65214809619745,125.92822056850424,-8.022828279651392,CCC(CC)COC(=O)C(C)NP(=O)(OCC1C(C(C(O1)(C#N)C2=CC=C3N2N=CN=C3N)O)O)OC4=CC=CC=C4,Literature,6.906186408847284,780,11.1
Remdesivir_variant_7,SARS-CoV-2,RNA polymerase,100.04628419359696,67.61803509762385,116.73205563908178,-7.741443148263411,CCC(CC)COC(=O)C(C)NP(=O)(OCC1C(C(C(O1)(C#N)C2=CC=C3N2N=CN=C3N)O)O)OC4=CC=CC=C4,Literature,6.999799036804726,780,11.1
Remdesivir_variant_8,SARS-CoV-2,RNA polymerase,79.6517435435949,90.68467391832229,150.56891870339547,-8.386309647058987,CCC(CC)COC(=O)C(C)NP(=O)(OCC1C(C(C(O1)(C#N)C2=CC=C3N2N=CN=C3N)O)O)OC4=CC=CC=C4,Literature,7.09880471323291,780,11.1
Remdesivir_variant_9,SARS-CoV-2,RNA polymerase,90.6426894285897,88.21449234762675,112.64085712652893,-8.065068538572735,CCC(CC)COC(=O)C(C)NP(=O)(OCC1C(C(C(O1)(C#N)C2=CC=C3N2N=CN=C3N)O)O)OC4=CC=CC=C4,Literature,7.042667217148763,780,11.1
Remdesivir_variant_10,SARS-CoV-2,RNA polymerase,117.51352470552618,56.05457858927414,99.06382892866212,-8.578928662411894,CCC(CC)COC(=O)C(C)NP(=O)(OCC1C(C(C(O1)(C#N)C2=CC=C3N2N=CN=C3N)O)O)OC4=CC=CC=C4,Literature,6.929912147290439,780,11.1
Remdesivir_variant_11,SARS-CoV-2,RNA polymerase,73.28950046962528,89.26698366646323,117.81015534328567,-7.760100231733842,CCC(CC)COC(=O)C(C)NP(=O)(OCC1C(C(C(O1)(C#N)C2=CC=C3N2N=CN=C3N)O)O)OC4=CC=CC=C4,Literature,7.134958238383645,780,11.1
Remdesivir_variant_12,SARS-CoV-2,RNA polymerase,76.26222804429635,82.11941009098527,145.02443060024706,-8.53646422263299,CCC(CC)COC(=O)C(C)NP(=O)(OCC1C(C(C(O1)(C#N)C2=CC=C3N2N=CN=C3N)O)O)OC4=CC=CC=C4,Literature,7.117690510717104,780,11.1
Remdesivir_variant_13,SARS-CoV-2,RNA polymerase,106.81429560723808,62.6378644637539,137.28853799503293,-7.93228302244365,CCC(CC)COC(=O)C(C)NP(=O)(OCC1C(C(C(O1)(C#N)C2=CC=C3N2N=CN=C3N)O)O)OC4=CC=CC=C4,Literature,6.9713706191439835,780,11.1
Remdesivir_variant_14,SARS-CoV-2,RNA polymerase,118.6546958093047,91.87199740224739,125.08589399633361,-8.289904080076923,CCC(CC)COC(=O)C(C)NP(=O)(OCC1C(C(C(O1)(C#N)C2=CC=C3N2N=CN=C3N)O)O)OC4=CC=CC=C4,Literature,6.925715069720437,780,11.1
Remdesivir_variant_15,SARS-CoV-2,RNA polymerase,81.27838978161532,80.67297276011655,131.7453973875323,-7.753308998150215,CCC(CC)COC(=O)C(C)NP(=O)(OCC1C(C(C(O1)(C#N)C2=CC=C3N2N=CN=C3N)O)O)OC4=CC=CC=C4,Literature,7.090024908848125,780,11.1
Nirmatrelvir,SARS-CoV-2,3CL protease,3.1,2.5,3.8,-9.5,CC1(C2C1C(N(C2)C(=O)C(C(C)(C)C)NC(=O)C(F)(F)F)C(=O)NC(CC3CCNC3=O)C#N)C,ChEMBL,8.508638306165727,700,10.3
Nirmatrelvir_variant_1,SARS-CoV-2,3CL protease,3.756669646600045,2.7959757855674923,4.84980758250597,-9.415742864876831,CC1(C2C1C(N(C2)C(=O)C(C(C)(C)C)NC(=O)C(F)(F)F)C(=O)NC(CC3CCNC3=O)C#N)C,ChEMBL,8.425196994174502,700,10.3
Nirmatrelvir_variant_2,SARS-CoV-2,3CL protease,2.5491584823934565,1.9928030146990936,4.108197007587625,-9.894895693002516,CC1(C2C1C(N(C2)C(=O)C(C(C)(C)C)NC(=O)C(F)(F)F)C(=O)NC(CC3CCNC3=O)C#N)C,ChEMBL,8.5936031633972,700,10.3
Nirmatrelvir_variant_3,SARS-CoV-2,3CL protease,3.2698980893248284,2.2432422342991094,3.44624855762152,-9.023819042383298,CC1(C2C1C(N(C2)C(=O)C(C(C)(C)C)NC(=O)C(F)(F)F)C(=O)NC(CC3CCNC3=O)C#N)C,ChEMBL,8.485465782487593,700,10.3
Nirmatrelvir_variant_4,SARS-CoV-2,3CL protease,2.2710567074618826,3.198556964624104,3.076363463538484,-9.591395150149404,CC1(C2C1C(N(C2)C(=O)C(C(C)(C)C)NC(=O)C(F)(F)F)C(=O)NC(CC3CCNC3=O)C#N)C,ChEMBL,8.643772021469255,700,10.3
Nirmatrelvir_variant_5,SARS-CoV-2,3CL protease,3.341008664618884,3.2110999561241185,3.3459243227004984,-9.957917797462388,CC1(C2C1C(N(C2)C(=O)C(C(C)(C)C)NC(=O)C(F)(F)F)C(=O)NC(CC3CCNC3=O)C#N)C,ChEMBL,8.476122398054988,700,10.3
Nirmatrelvir_variant_6,SARS-CoV-2,3CL protease,3.0850436310063056,1.9230935426470306,4.15861735452451,-9.425689735099118,CC1(C2C1C(N(C2)C(=O)C(C(C)(C)C)NC(=O)C(F)(F)F)C(=O)NC(CC3CCNC3=O)C#N)C,ChEMBL,8.51073868946825,700,10.3
Nirmatrelvir_variant_7,SARS-CoV-2,3CL protease,2.9615821622069562,1.9812825207159719,3.504337895977015,-9.300516493764983,CC1(C2C1C(N(C2)C(=O)C(C(C)(C)C)NC(=O)C(F)(F)F)C(=O)NC(CC3CCNC3=O)C#N)C,ChEMBL,8.528476214365893,700,10.3
Nirmatrelvir_variant_8,SARS-CoV-2,3CL protease,2.8639218549297083,2.826686145837159,3.2891183521587433,-9.803149971709184,CC1(C2C1C(N(C2)C(=O)C(C(C)(C)C)NC(=O)C(F)(F)F)C(=O)NC(CC3CCNC3=O)C#N)C,ChEMBL,8.543038836376692,700,10.3
Nirmatrelvir_variant_9,SARS-CoV-2,3CL protease,2.7122043292082636,2.2350388283446425,3.761237761788277,-9.191115263113717,CC1(C2C1C(N(C2)C(=O)C(C(C)(C)C)NC(=O)C(F)(F)F)C(=O)NC(CC3CCNC3=O)C#N)C,ChEMBL,8.566677595149779,700,10.3
Nirmatrelvir_variant_10,SARS-CoV-2,3CL protease,2.52283350919669,2.14352744149383,3.828547802077546,-9.07980870166541,CC1(C2C1C(N(C2)C(=O)C(C(C)(C)C)NC(=O)C(F)(F)F)C(=O)NC(CC3CCNC3=O)C#N)C,ChEMBL,8.598111409182378,700,10.3
Nirmatrelvir_variant_11,SARS-CoV-2,3CL protease,4.01403725998305,1.8181391229881174,3.9731308203074764,-9.848888949705948,CC1(C2C1C(N(C2)C(=O)C(C(C)(C)C)NC(=O)C(F)(F)F)C(=O)NC(CC3CCNC3=O)C#N)C,ChEMBL,8.396418600525681,700,10.3
Nirmatrelvir_variant_12,SARS-CoV-2,3CL protease,3.801429867191793,1.850424188609133,3.9552819229732377,-9.156514693471351,CC1(C2C1C(N(C2)C(=O)C(C(C)(C)C)NC(=O)C(F)(F)F)C(=O)NC(CC3CCNC3=O)C#N)C,ChEMBL,8.42005301742833,700,10.3
Nirmatrelvir_variant_13,SARS-CoV-2,3CL protease,2.882403883045186,2.2035013343830685,3.9159740480548564,-9.671021700038354,CC1(C2C1C(N(C2)C(=O)C(C(C)(C)C)NC(=O)C(F)(F)F)C(=O)NC(CC3CCNC3=O)C#N)C,ChEMBL,8.540245165823054,700,10.3
Nirmatrelvir_variant_14,SARS-CoV-2,3CL protease,2.8231618426402854,2.889540642020838,2.880347861650924,-9.191170538396765,CC1(C2C1C(N(C2)C(=O)C(C(C)(C)C)NC(=O)C(F)(F)F)C(=O)NC(CC3CCNC3=O)C#N)C,ChEMBL,8.549264224456374,700,10.3
Nirmatrelvir_variant_15,SARS-CoV-2,3CL protease,3.422834754382121,2.141013908336484,4.82019839513983,-9.041195614502218,CC1(C2C1C(N(C2)C(=O)C(C(C)(C)C)NC(=O)C(F)(F)F)C(=O)NC(CC3CCNC3=O)C#N)C,ChEMBL,8.46561406697147,700,10.3
Molnupiravir,SARS-CoV-2,RNA polymerase,50.0,40.0,60.0,-8.8,CC(C)C(=O)OCC1C(C(C(O1)N2C=CC(=NC2=O)NO)O)O,Literature,7.301029995663981,430,4.4
Molnupiravir_variant_1,SARS-CoV-2,RNA polymerase,38.11694486247964,40.29415760357823,61.883465248707815,-8.528323203399106,CC(C)C(=O)OCC1C(C(C(O1)N2C=CC(=NC2=O)NO)O)O,Literature,7.418881916075131,430,4.4
Molnupiravir_variant_2,SARS-CoV-2,RNA polymerase,42.46267728071305,31.913602796472556,70.21115720308418,-8.491476611158522,CC(C)C(=O)OCC1C(C(C(O1)N2C=CC(=NC2=O)NO)O)O,Literature,7.3719926269485345,430,4.4
Molnupiravir_variant_3,SARS-CoV-2,RNA polymerase,43.00720851528158,38.455300535561236,48.60293220702751,-9.297295968601984,CC(C)C(=O)OCC1C(C(C(O1)N2C=CC(=NC2=O)NO)O)O,Literature,7.366458745442959,430,4.4
Molnupiravir_variant_4,SARS-CoV-2,RNA polymerase,39.06240715620276,31.763394011919154,70.08309813182711,-8.910674978717681,CC(C)C(=O)OCC1C(C(C(O1)N2C=CC(=NC2=O)NO)O)O,Literature,7.408240997544726,430,4.4
Molnupiravir_variant_5,SARS-CoV-2,RNA polymerase,40.05563514620496,31.20131183799231,64.7013981870422,-9.165392078662924,CC(C)C(=O)OCC1C(C(C(O1)N2C=CC(=NC2=O)NO)O)O,Literature,7.397336377438775,430,4.4
Molnupiravir_variant_6,SARS-CoV-2,RNA polymerase,36.70468218020949,28.54579385586167,47.63953008885663,-9.100970434494652,CC(C)C(=O)OCC1C(C(C(O1)N2C=CC(=NC2=O)NO)O)O,Literature,7.435278532060554,430,4.4
Molnupiravir_variant_7,SARS-CoV-2,RNA polymerase,49.05550910727201,46.842457184399734,58.97635213696132,-8.533472180563798,CC(C)C(=O)OCC1C(C(C(O1)N2C=CC(=NC2=O)NO)O)O,Literature,7.309312212737935,430,4.4
Molnupiravir_variant_8,SARS-CoV-2,RNA polymerase,58.56577740296722,51.75345840327487,44.37970565287652,-9.023720837849663,CC(C)C(=O)OCC1C(C(C(O1)N2C=CC(=NC2=O)NO)O)O,Literature,7.232356087508653,430,4.4
Molnupiravir_variant_9,SARS-CoV-2,RNA polymerase,56.941882344391544,49.5814638252928,45.97560774708972,-8.353756062717393,CC(C)C(=O)OCC1C(C(C(O1)N2C=CC(=NC2=O)NO)O)O,Literature,7.244568180352568,430,4.4
Molnupiravir_variant_10,SARS-CoV-2,RNA polymerase,50.49981728352566,40.559047911626806,66.82844870337043,-8.308489196394492,CC(C)C(=O)OCC1C(C(C(O1)N2C=CC(=NC2=O)NO)O)O,Literature,7.296710193225896,430,4.4
Molnupiravir_variant_11,SARS-CoV-2,RNA polymerase,57.83769799933718,35.83829661394183,51.98816444874305,-8.658440794009172,CC(C)C(=O)OCC1C(C(C(O1)N2C=CC(=NC2=O)NO)O)O,Literature,7.237789000742579,430,4.4
Molnupiravir_variant_12,SARS-CoV-2,RNA polymerase,38.75337871342578,32.30594094174083,48.96456034552162,-8.516892495304788,CC(C)C(=O)OCC1C(C(C(O1)N2C=CC(=NC2=O)NO)O)O,Literature,7.411690427541435,430,4.4
Molnupiravir_variant_13,SARS-CoV-2,RNA polymerase,45.503688696177896,40.22282564470737,66.30558001862035,-8.457693640166244,CC(C)C(=O)OCC1C(C(C(O1)N2C=CC(=NC2=O)NO)O)O,Literature,7.341953396409646,430,4.4
Molnupiravir_variant_14,SARS-CoV-2,RNA polymerase,44.08260967734522,35.79619658292713,75.77569473260935,-9.171137755282624,CC(C)C(=O)OCC1C(C(C(O1)N2C=CC(=NC2=O)NO)O)O,Literature,7.355732703291427,430,4.4
Molnupiravir_variant_15,SARS-CoV-2,RNA polymerase,46.96429160150914,46.61758367758569,64.9000670370957,-8.379007547685388,CC(C)C(=O)OCC1C(C(C(O1)N2C=CC(=NC2=O)NO)O)O,Literature,7.328232224075319,430,4.4
Chloroquine,SARS-CoV-2,Spike,23000.0,20000.0,25000.0,-5.2,CCN(CC)CCCC(C)NC1=C2C=CC(=CC2=NC=C1)Cl,Literature,4.638272163982407,380,9.5
Chloroquine_variant_1,SARS-CoV-2,Spike,18155.901001447997,22342.6652457162,32175.844948722042,-5.5119700077662594,CCN(CC)CCCC(C)NC1=C2C=CC(=CC2=NC=C1)Cl,Literature,4.740982193997159,380,9.5
Chloroquine_variant_2,SARS-CoV-2,Spike,24975.753065606834,19555.615755845804,18440.429564655304,-4.825033274165432,CCN(CC)CCCC(C)NC1=C2C=CC(=CC2=NC=C1)Cl,Literature,4.602481408114717,380,9.5
Chloroquine_variant_3,SARS-CoV-2,Spike,22387.957297852765,15769.18935351014,27170.783186737484,-4.835200710138709,CCN(CC)CCCC(C)NC1=C2C=CC(=CC2=NC=C1)Cl,Literature,4.649985530125349,380,9.5
Chloroquine_variant_4,SARS-CoV-2,Spike,21866.48426140631,15586.226089012476,18121.648936524507,-4.967491822294174,CCN(CC)CCCC(C)NC1=C2C=CC(=CC2=NC=C1)Cl,Literature,4.66022103811512,380,9.5
Chloroquine_variant_5,SARS-CoV-2,Spike,27859.78747508124,24053.789451076274,28817.95224152909,-5.373688821630324,CCN(CC)CCCC(C)NC1=C2C=CC(=CC2=NC=C1)Cl,Literature,4.555022200860782,380,9.5
Chloroquine_variant_6,SARS-CoV-2,Spike,26451.97526769224,15955.025593738352,23474.17913541258,-4.9682955575718,CCN(CC)CCCC(C)NC1=C2C=CC(=CC2=NC=C1)Cl,Literature,4.57754189202846,380,9.5
Chloroquine_variant_7,SARS-CoV-2,Spike,22673.676948720302,14023.689099230518,22242.17180658466,-5.258439583530809,CCN(CC)CCCC(C)NC1=C2C=CC(=CC2=NC=C1)Cl,Literature,4.644478045420415,380,9.5
Chloroquine_variant_8,SARS-CoV-2,Spike,26953.548464998796,19426.233274316593,22586.421256934973,-4.838358492766598,CCN(CC)CCCC(C)NC1=C2C=CC(=CC2=NC=C1)Cl,Literature,4.569384051355856,380,9.5
Chloroquine_variant_9,SARS-CoV-2,Spike,29286.499920270602,19856.54770185894,29329.91082274694,-4.768648504804859,CCN(CC)CCCC(C)NC1=C2C=CC(=CC2=NC=C1)Cl,Literature,4.533332528493952,380,9.5
Chloroquine_variant_10,SARS-CoV-2,Spike,20253.309490811618,16964.74198354177,31395.027025887633,-4.808396561722236,CCN(CC)CCCC(C)NC1=C2C=CC(=CC2=NC=C1)Cl,Literature,4.693504000787063,380,9.5
Chloroquine_variant_11,SARS-CoV-2,Spike,24934.175778953013,23439.61488133654,18445.94782729437,-5.045123303373097,CCN(CC)CCCC(C)NC1=C2C=CC(=CC2=NC=C1)Cl,Literature,4.603204983193312,380,9.5
Chloroquine_variant_12,SARS-CoV-2,Spike,16574.639746907327,19791.084126704194,31517.11388170486,-5.230794134108645,CCN(CC)CCCC(C)NC1=C2C=CC(=CC2=NC=C1)Cl,Literature,4.78055590229758,380,9.5
Chloroquine_variant_13,SARS-CoV-2,Spike,27133.677739855593,19509.02451077996,28418.018714506437,-4.752816100186627,CCN(CC)CCCC(C)NC1=C2C=CC(=CC2=NC=C1)Cl,Literature,4.566491337315613,380,9.5
Chloroquine_variant_14,SARS-CoV-2,Spike,16933.88662999828,20122.261943291862,29326.935897710533,-5.143697251897752,CCN(CC)CCCC(C)NC1=C2C=CC(=CC2=NC=C1)Cl,Literature,4.771243352095425,380,9.5
Chloroquine_variant_15,SARS-CoV-2,Spike,16164.166706466858,25851.312278103178,20352.679205071705,-5.097718544827865,CCN(CC)CCCC(C)NC1=C2C=CC(=CC2=NC=C1)Cl,Literature,4.791446679181796,380,9.5
Oseltamivir,Influenza,Neuraminidase,10.7,8.5,12.0,-9.2,CCCC1=CC=C(C=C1)C(=O)N[C@@H](CC(C)C)C(=O)O[C@@H]2[C@@H]([C@H]([C@@H](O[C@H]2CO)O)O)O,ChEMBL,7.97061622231479,840,8.6
Oseltamivir_variant_1,Influenza,Neuraminidase,13.151424484395159,6.423604697231275,11.118820968633742,-8.730253598812798,CCCC1=CC=C(C=C1)C(=O)N[C@@H](CC(C)C)C(=O)O[C@@H]2[C@@H]([C@H]([C@@H](O[C@H]2CO)O)O)O,ChEMBL,7.881027204420828,840,8.6
Oseltamivir_variant_2,Influenza,Neuraminidase,7.554850858712464,6.83254520686937,9.904210796496471,-9.242722953385528,CCCC1=CC=C(C=C1)C(=O)N[C@@H](CC(C)C)C(=O)O[C@@H]2[C@@H]([C@H]([C@@H](O[C@H]2CO)O)O)O,ChEMBL,8.121774104703848,840,8.6
Oseltamivir_variant_3,Influenza,Neuraminidase,9.48834976153801,9.074662710680627,11.411707443862028,-9.001818630718715,CCCC1=CC=C(C=C1)C(=O)N[C@@H](CC(C)C)C(=O)O[C@@H]2[C@@H]([C@H]([C@@H](O[C@H]2CO)O)O)O,ChEMBL,8.022809314630505,840,8.6
Oseltamivir_variant_4,Influenza,Neuraminidase,13.55749159544418,10.502391772214267,11.317052673085595,-9.616713963068664,CCCC1=CC=C(C=C1)C(=O)N[C@@H](CC(C)C)C(=O)O[C@@H]2[C@@H]([C@H]([C@@H](O[C@H]2CO)O)O)O,ChEMBL,7.867820656120119,840,8.6
Oseltamivir_variant_5,Influenza,Neuraminidase,11.508428549353429,6.343338534835685,9.15110372251278,-9.478907721506278,CCCC1=CC=C(C=C1)C(=O)N[C@@H](CC(C)C)C(=O)O[C@@H]2[C@@H]([C@H]([C@@H](O[C@H]2CO)O)O)O,ChEMBL,7.938983974279619,840,8.6
Oseltamivir_variant_6,Influenza,Neuraminidase,12.10287808999235,6.959028917192131,9.360083365711766,-9.059735980975034,CCCC1=CC=C(C=C1)C(=O)N[C@@H](CC(C)C)C(=O)O[C@@H]2[C@@H]([C@H]([C@@H](O[C@H]2CO)O)O)O,ChEMBL,7.91711134125617,840,8.6
Oseltamivir_variant_7,Influenza,Neuraminidase,7.76601157011314,10.792709651774334,10.51457852532522,-9.610564335552473,CCCC1=CC=C(C=C1)C(=O)N[C@@H](CC(C)C)C(=O)O[C@@H]2[C@@H]([C@H]([C@@H](O[C@H]2CO)O)O)O,ChEMBL,8.109801966760285,840,8.6
Oseltamivir_variant_8,Influenza,Neuraminidase,12.342977815900642,7.915131885253991,11.712063509657003,-9.571527243213776,CCCC1=CC=C(C=C1)C(=O)N[C@@H](CC(C)C)C(=O)O[C@@H]2[C@@H]([C@H]([C@@H](O[C@H]2CO)O)O)O,ChEMBL,7.908580051567018,840,8.6
Oseltamivir_variant_9,Influenza,Neuraminidase,9.178278033818032,8.889858977453727,14.070808805384278,-9.10579656670718,CCCC1=CC=C(C=C1)C(=O)N[C@@H](CC(C)C)C(=O)O[C@@H]2[C@@H]([C@H]([C@@H](O[C@H]2CO)O)O)O,ChEMBL,8.037238790537193,840,8.6
Oseltamivir_variant_10,Influenza,Neuraminidase,7.697797906641725,8.716289281653294,14.181021188659603,-9.64484059653055,CCCC1=CC=C(C=C1)C(=O)N[C@@H](CC(C)C)C(=O)O[C@@H]2[C@@H]([C@H]([C@@H](O[C@H]2CO)O)O)O,ChEMBL,8.113633494797991,840,8.6
Oseltamivir_variant_11,Influenza,Neuraminidase,12.044826904477564,9.56272578905097,9.540291972073357,-8.957894598619324,CCCC1=CC=C(C=C1)C(=O)N[C@@H](CC(C)C)C(=O)O[C@@H]2[C@@H]([C@H]([C@@H](O[C@H]2CO)O)O)O,ChEMBL,7.919199436842092,840,8.6
Oseltamivir_variant_12,Influenza,Neuraminidase,10.390613486857479,9.230472738440616,13.406754507782896,-8.835337028809075,CCCC1=CC=C(C=C1)C(=O)N[C@@H](CC(C)C)C(=O)O[C@@H]2[C@@H]([C@H]([C@@H](O[C@H]2CO)O)O)O,ChEMBL,7.9833588098931285,840,8.6
Oseltamivir_variant_13,Influenza,Neuraminidase,8.55166367843959,7.202669856955916,13.943169409453795,-9.108394739868476,CCCC1=CC=C(C=C1)C(=O)N[C@@H](CC(C)C)C(=O)O[C@@H]2[C@@H]([C@H]([C@@H](O[C@H]2CO)O)O)O,ChEMBL,8.067949387484731,840,8.6
Oseltamivir_variant_14,Influenza,Neuraminidase,11.602326366498188,9.090369518113244,14.107853828564386,-9.058955594870572,CCCC1=CC=C(C=C1)C(=O)N[C@@H](CC(C)C)C(=O)O[C@@H]2[C@@H]([C@H]([C@@H](O[C@H]2CO)O)O)O,ChEMBL,7.935454922252691,840,8.6
Oseltamivir_variant_15,Influenza,Neuraminidase,13.568138485683939,9.111075591889913,11.710151910613254,-9.51939302539001,CCCC1=CC=C(C=C1)C(=O)N[C@@H](CC(C)C)C(=O)O[C@@H]2[C@@H]([C@H]([C@@H](O[C@H]2CO)O)O)O,ChEMBL,7.8674797323587775,840,8.6
Zanamivir,Influenza,Neuraminidase,2.5,2.0,3.0,-10.1,C[C@@H]1O[C@H]([C@H]([C@@H](O1)CO)O)[C@@H]2NC(=O)[C@H](CC(=O)O)N2,ChEMBL,8.602059991327963,650,3.4
Zanamivir_variant_1,Influenza,Neuraminidase,2.758280671572026,2.2787997069798545,2.50654305637412,-10.409548024966549,C[C@@H]1O[C@H]([C@H]([C@@H](O1)CO)O)[C@@H]2NC(=O)[C@H](CC(=O)O)N2,ChEMBL,8.559361543847979,650,3.4
Zanamivir_variant_2,Influenza,Neuraminidase,2.710096071842056,1.4498113003970328,3.0829263707555055,-9.824428437482991,C[C@@H]1O[C@H]([C@H]([C@@H](O1)CO)O)[C@@H]2NC(=O)[C@H](CC(=O)O)N2,ChEMBL,8.567015313283777,650,3.4
Zanamivir_variant_3,Influenza,Neuraminidase,1.8189118503114867,1.6225276368710768,3.493469018216051,-10.568673667587804,C[C@@H]1O[C@H]([C@H]([C@@H](O1)CO)O)[C@@H]2NC(=O)[C@H](CC(=O)O)N2,ChEMBL,8.74018834758354,650,3.4
Zanamivir_variant_4,Influenza,Neuraminidase,2.512442148671931,1.7504574316998336,3.069361555324578,-10.4096641948588,C[C@@H]1O[C@H]([C@H]([C@@H](O1)CO)O)[C@@H]2NC(=O)[C@H](CC(=O)O)N2,ChEMBL,8.599903929492571,650,3.4
Zanamivir_variant_5,Influenza,Neuraminidase,1.8101456483432776,2.2064697048686717,2.976804167997365,-10.24062452680753,C[C@@H]1O[C@H]([C@H]([C@@H](O1)CO)O)[C@@H]2NC(=O)[C@H](CC(=O)O)N2,ChEMBL,8.742286479425331,650,3.4
Zanamivir_variant_6,Influenza,Neuraminidase,3.019036549337234,2.500455979659663,2.7136098832378965,-10.209365145443106,C[C@@H]1O[C@H]([C@H]([C@@H](O1)CO)O)[C@@H]2NC(=O)[C@H](CC(=O)O)N2,ChEMBL,8.520131629249379,650,3.4
Zanamivir_variant_7,Influenza,Neuraminidase,2.2599675186998196,1.5653977802795713,2.1487759789342635,-9.91659077260214,C[C@@H]1O[C@H]([C@H]([C@@H](O1)CO)O)[C@@H]2NC(=O)[C@H](CC(=O)O)N2,ChEMBL,8.64589780268924,650,3.4
Zanamivir_variant_8,Influenza,Neuraminidase,2.521727758280962,1.5302145169580332,3.6807073070038103,-9.83159401536547,C[C@@H]1O[C@H]([C@H]([C@@H](O1)CO)O)[C@@H]2NC(=O)[C@H](CC(=O)O)N2,ChEMBL,8.598301800973967,650,3.4
Zanamivir_variant_9,Influenza,Neuraminidase,2.535446610387533,1.794208073730726,2.2971523479690834,-10.154089962525003,C[C@@H]1O[C@H]([C@H]([C@@H](O1)CO)O)[C@@H]2NC(=O)[C@H](CC(=O)O)N2,ChEMBL,8.595945530080892,650,3.4
Zanamivir_variant_10,Influenza,Neuraminidase,2.5835995192500496,1.683886893496402,2.5723466919502807,-9.60906532486044,C[C@@H]1O[C@H]([C@H]([C@@H](O1)CO)O)[C@@H]2NC(=O)[C@H](CC(=O)O)N2,ChEMBL,8.587774804941347,650,3.4
Zanamivir_variant_11,Influenza,Neuraminidase,2.747227865030952,1.7815090232279571,3.4575763689946117,-10.586425821253268,C[C@@H]1O[C@H]([C@H]([C@@H](O1)CO)O)[C@@H]2NC(=O)[C@H](CC(=O)O)N2,ChEMBL,8.5611053171279,650,3.4
Zanamivir_variant_12,Influenza,Neuraminidase,3.141036283516243,2.2739292174838015,3.2767783679607043,-9.664054170350907,C[C@@H]1O[C@H]([C@H]([C@@H](O1)CO)O)[C@@H]2NC(=O)[C@H](CC(=O)O)N2,ChEMBL,8.50292704684254,650,3.4
Zanamivir_variant_13,Influenza,Neuraminidase,1.896826516139582,1.980414717529719,2.601184375953745,-10.391564459407515,C[C@@H]1O[C@H]([C@H]([C@@H](O1)CO)O)[C@@H]2NC(=O)[C@H](CC(=O)O)N2,ChEMBL,8.721972387892896,650,3.4
Zanamivir_variant_14,Influenza,Neuraminidase,2.3245243164046436,1.9209207413701874,2.728117422448872,-10.119098223508537,C[C@@H]1O[C@H]([C@H]([C@@H](O1)CO)O)[C@@H]2NC(=O)[C@H](CC(=O)O)N2,ChEMBL,8.633665906385552,650,3.4
Zanamivir_variant_15,Influenza,Neuraminidase,2.3721413541854424,1.6776366570198673,2.326711912260917,-10.176646048053302,C[C@@H]1O[C@H]([C@H]([C@@H](O1)CO)O)[C@@H]2NC(=O)[C@H](CC(=O)O)N2,ChEMBL,8.62485943524301,650,3.4
Peramivir,Influenza,Neuraminidase,0.9,0.7,1.1,-10.8,CC1(C)CC2C(C1O)NC(=O)C(C(=O)O)N2,ChEMBL,9.045757490560675,320,3.8
Peramivir_variant_1,Influenza,Neuraminidase,0.8702257121348204,0.7519050336666825,1.108032866878898,-10.526305485008672,CC1(C)CC2C(C1O)NC(=O)C(C(=O)O)N2,ChEMBL,9.060368088966422,320,3.8
Peramivir_variant_2,Influenza,Neuraminidase,0.8603476671075798,0.8192925512661751,1.268089844992954,-10.872515459089659,CC1(C)CC2C(C1O)NC(=O)C(C(=O)O)N2,ChEMBL,9.065326014576565,320,3.8
Peramivir_variant_3,Influenza,Neuraminidase,1.1225848139803636,0.6856362605971624,1.1061634926766963,-11.097527296871643,CC1(C)CC2C(C1O)NC(=O)C(C(=O)O)N2,ChEMBL,8.949780837093309,320,3.8
Peramivir_variant_4,Influenza,Neuraminidase,0.8207409233625785,0.6042482818308642,1.3682025289052278,-10.309469962133626,CC1(C)CC2C(C1O)NC(=O)C(C(=O)O)N2,ChEMBL,9.085793911468368,320,3.8
Peramivir_variant_5,Influenza,Neuraminidase,1.0212699724140686,0.8827196796019303,0.946881293619519,-10.861226670680011,CC1(C)CC2C(C1O)NC(=O)C(C(=O)O)N2,ChEMBL,8.990859437118619,320,3.8
Peramivir_variant_6,Influenza,Neuraminidase,0.8662020212445286,0.5979369373650517,0.9329314107567439,-10.932819701673367,CC1(C)CC2C(C1O)NC(=O)C(C(=O)O)N2,ChEMBL,9.062380807197817,320,3.8
Peramivir_variant_7,Influenza,Neuraminidase,1.136431659901108,0.6585194852894545,0.9643124566344606,-11.063223932950253,CC1(C)CC2C(C1O)NC(=O)C(C(=O)O)N2,ChEMBL,8.944456675750914,320,3.8
Peramivir_variant_8,Influenza,Neuraminidase,0.835332903283789,0.6950345667264743,0.8876475323042758,-10.958909554847214,CC1(C)CC2C(C1O)NC(=O)C(C(=O)O)N2,ChEMBL,9.078140411646757,320,3.8
Peramivir_variant_9,Influenza,Neuraminidase,1.0859353709429012,0.7024664989019964,1.2035345311356864,-10.480422981389042,CC1(C)CC2C(C1O)NC(=O)C(C(=O)O)N2,ChEMBL,8.964196020859585,320,3.8
Peramivir_variant_10,Influenza,Neuraminidase,0.6378067330680774,0.5963563681723624,0.9903344558180446,-10.876021537910429,CC1(C)CC2C(C1O)NC(=O)C(C(=O)O)N2,ChEMBL,9.195310900397422,320,3.8
Peramivir_variant_11,Influenza,Neuraminidase,0.942437434952075,0.8088251688603715,1.3911800842168536,-11.071361439201702,CC1(C)CC2C(C1O)NC(=O)C(C(=O)O)N2,ChEMBL,9.02574747142134,320,3.8
Peramivir_variant_12,Influenza,Neuraminidase,0.872651651858759,0.6517161220754323,0.7723095272437515,-10.826177797139417,CC1(C)CC2C(C1O)NC(=O)C(C(=O)O)N2,ChEMBL,9.059159084893373,320,3.8
Peramivir_variant_13,Influenza,Neuraminidase,0.667145412674081,0.7368835290014273,0.7886660949780107,-11.057169730201561,CC1(C)CC2C(C1O)NC(=O)C(C(=O)O)N2,ChEMBL,9.175779495859947,320,3.8
Peramivir_variant_14,Influenza,Neuraminidase,1.04607114547839,0.5138031569013267,0.9401799177982186,-11.115678348483089,CC1(C)CC2C(C1O)NC(=O)C(C(=O)O)N2,ChEMBL,8.980438777191564,320,3.8
Peramivir_variant_15,Influenza,Neuraminidase,0.7927087010411183,0.65233093300681,0.7899853843539366,-10.622424094264051,CC1(C)CC2C(C1O)NC(=O)C(C(=O)O)N2,ChEMBL,9.100886374816055,320,3.8
Ritonavir,HIV-1,Protease,15.0,12.0,18.0,-9.8,CC(C)C1=NC(=CS1)CN(C)C(=O)NC(C(C)C)C(=O)NC(CC2=CC=CC=C2)CC(C(CC3=CC=CC=C3)NC(=O)OCC4=CN=CS4)O,ChEMBL,7.823908740944319,930,17.0
Ritonavir_variant_1,HIV-1,Protease,19.2145347864172,8.919252919885194,21.12186559844613,-9.677396908427534,CC(C)C1=NC(=CS1)CN(C)C(=O)NC(C(C)C)C(=O)NC(CC2=CC=CC=C2)CC(C(CC3=CC=CC=C3)NC(=O)OCC4=CN=CS4)O,ChEMBL,7.716370126012942,930,17.0
Ritonavir_variant_2,HIV-1,Protease,14.550515635611522,10.315384638201966,18.272268825082733,-9.92691145074549,CC(C)C1=NC(=CS1)CN(C)C(=O)NC(C(C)C)C(=O)NC(CC2=CC=CC=C2)CC(C(CC3=CC=CC=C3)NC(=O)OCC4=CN=CS4)O,ChEMBL,7.837121616043517,930,17.0
Ritonavir_variant_3,HIV-1,Protease,10.512615775132279,15.178569924570116,14.77536478656852,-9.413877683426978,CC(C)C1=NC(=CS1)CN(C)C(=O)NC(C(C)C)C(=O)NC(CC2=CC=CC=C2)CC(C(CC3=CC=CC=C3)NC(=O)OCC4=CN=CS4)O,ChEMBL,7.978289208295176,930,17.0
Ritonavir_variant_4,HIV-1,Protease,13.90933306310496,11.375248006387478,16.796511203060366,-9.750191370946487,CC(C)C1=NC(=CS1)CN(C)C(=O)NC(C(C)C)C(=O)NC(CC2=CC=CC=C2)CC(C(CC3=CC=CC=C3)NC(=O)OCC4=CN=CS4)O,ChEMBL,7.856693693441261,930,17.0
Ritonavir_variant_5,HIV-1,Protease,15.844250421276206,9.56292021020648,23.101274296829818,-9.562189435252494,CC(C)C1=NC(=CS1)CN(C)C(=O)NC(C(C)C)C(=O)NC(CC2=CC=CC=C2)CC(C(CC3=CC=CC=C3)NC(=O)OCC4=CN=CS4)O,ChEMBL,7.80012830210977,930,17.0
Ritonavir_variant_6,HIV-1,Protease,14.489657867821595,8.699639396718073,14.948457864827388,-9.460960177510616,CC(C)C1=NC(=CS1)CN(C)C(=O)NC(C(C)C)C(=O)NC(CC2=CC=CC=C2)CC(C(CC3=CC=CC=C3)NC(=O)OCC4=CN=CS4)O,ChEMBL,7.838941869040307,930,17.0
Ritonavir_variant_7,HIV-1,Protease,18.153795143087237,14.099692042155045,14.312458762640329,-9.906913739591488,CC(C)C1=NC(=CS1)CN(C)C(=O)NC(C(C)C)C(=O)NC(CC2=CC=CC=C2)CC(C(CC3=CC=CC=C3)NC(=O)OCC4=CN=CS4)O,ChEMBL,7.741032569668888,930,17.0
Ritonavir_variant_8,HIV-1,Protease,17.295897643713502,14.300511670597874,15.033559801544,-9.934052206503413,CC(C)C1=NC(=CS1)CN(C)C(=O)NC(C(C)C)C(=O)NC(CC2=CC=CC=C2)CC(C(CC3=CC=CC=C3)NC(=O)OCC4=CN=CS4)O,ChEMBL,7.7620568935169185,930,17.0
Ritonavir_variant_9,HIV-1,Protease,18.612131845603717,9.276027361984585,16.150163430286003,-10.018783872604729,CC(C)C1=NC(=CS1)CN(C)C(=O)NC(C(C)C)C(=O)NC(CC2=CC=CC=C2)CC(C(CC3=CC=CC=C3)NC(=O)OCC4=CN=CS4)O,ChEMBL,7.730203879649658,930,17.0
Ritonavir_variant_10,HIV-1,Protease,17.660484599705963,15.223652798554179,22.70229405761986,-10.052527177600336,CC(C)C1=NC(=CS1)CN(C)C(=O)NC(C(C)C)C(=O)NC(CC2=CC=CC=C2)CC(C(CC3=CC=CC=C3)NC(=O)OCC4=CN=CS4)O,ChEMBL,7.75299738365252,930,17.0
Ritonavir_variant_11,HIV-1,Protease,12.471356216155348,8.51298683247659,16.953053926529815,-9.568025045144783,CC(C)C1=NC(=CS1)CN(C)C(=O)NC(C(C)C)C(=O)NC(CC2=CC=CC=C2)CC(C(CC3=CC=CC=C3)NC(=O)OCC4=CN=CS4)O,ChEMBL,7.904086315954842,930,17.0
Ritonavir_variant_12,HIV-1,Protease,19.432027462183196,12.394332881305473,16.91636033536452,-9.583564787687441,CC(C)C1=NC(=CS1)CN(C)C(=O)NC(C(C)C)C(=O)NC(CC2=CC=CC=C2)CC(C(CC3=CC=CC=C3)NC(=O)OCC4=CN=CS4)O,ChEMBL,7.7114818844387125,930,17.0
Ritonavir_variant_13,HIV-1,Protease,16.2094488997593,10.37863938492649,21.78139568129136,-9.312485368593414,CC(C)C1=NC(=CS1)CN(C)C(=O)NC(C(C)C)C(=O)NC(CC2=CC=CC=C2)CC(C(CC3=CC=CC=C3)NC(=O)OCC4=CN=CS4)O,ChEMBL,7.79023175034964,930,17.0
Ritonavir_variant_14,HIV-1,Protease,14.95515980118769,13.145292189108352,19.83313184788769,-9.911147853253533,CC(C)C1=NC(=CS1)CN(C)C(=O)NC(C(C)C)C(=O)NC(CC2=CC=CC=C2)CC(C(CC3=CC=CC=C3)NC(=O)OCC4=CN=CS4)O,ChEMBL,7.825208942017269,930,17.0
Ritonavir_variant_15,HIV-1,Protease,16.560744488345733,12.515114258740823,21.209242052342898,-9.886990649692551,CC(C)C1=NC(=CS1)CN(C)C(=O)NC(C(C)C)C(=O)NC(CC2=CC=CC=C2)CC(C(CC3=CC=CC=C3)NC(=O)OCC4=CN=CS4)O,ChEMBL,7.780920143401821,930,17.0
Lopinavir,HIV-1,Protease,5.0,4.0,6.0,-10.2,CC1=C(C(=CC=C1)C)OCC(=O)NC(CC2=CC=CC=C2)C(CC(CC3=CC=CC=C3)NC(=O)C(C(C)C)N4CCCNC4=O)O,ChEMBL,8.301029995663981,840,17.0
Lopinavir_variant_1,HIV-1,Protease,5.962133977725934,3.1283211646798206,7.278660388772129,-9.75785548097262,CC1=C(C(=CC=C1)C)OCC(=O)NC(CC2=CC=CC=C2)C(CC(CC3=CC=CC=C3)NC(=O)C(C(C)C)N4CCCNC4=O)O,ChEMBL,8.224598268972072,840,17.0
Lopinavir_variant_2,HIV-1,Protease,5.532662178697202,4.201931166418433,5.346972886455626,-10.342878046130858,CC1=C(C(=CC=C1)C)OCC(=O)NC(CC2=CC=CC=C2)C(CC(CC3=CC=CC=C3)NC(=O)C(C(C)C)N4CCCNC4=O)O,ChEMBL,8.257065846757964,840,17.0
Lopinavir_variant_3,HIV-1,Protease,6.12635358644408,4.140847747435968,6.630795684626321,-10.093691465728481,CC1=C(C(=CC=C1)C)OCC(=O)NC(CC2=CC=CC=C2)C(CC(CC3=CC=CC=C3)NC(=O)C(C(C)C)N4CCCNC4=O)O,ChEMBL,8.212797941220268,840,17.0
Lopinavir_variant_4,HIV-1,Protease,6.4369937204299665,3.500967258679258,5.51939892551825,-10.30240954555558,CC1=C(C(=CC=C1)C)OCC(=O)NC(CC2=CC=CC=C2)C(CC(CC3=CC=CC=C3)NC(=O)C(C(C)C)N4CCCNC4=O)O,ChEMBL,8.191316914544162,840,17.0
Lopinavir_variant_5,HIV-1,Protease,5.390560932821176,2.863505299047897,5.501800798432205,-10.55292929573548,CC1=C(C(=CC=C1)C)OCC(=O)NC(CC2=CC=CC=C2)C(CC(CC3=CC=CC=C3)NC(=O)C(C(C)C)N4CCCNC4=O)O,ChEMBL,8.268366040499034,840,17.0
Lopinavir_variant_6,HIV-1,Protease,5.076439359336669,4.718196431093405,6.633606005318368,-9.736458211768635,CC1=C(C(=CC=C1)C)OCC(=O)NC(CC2=CC=CC=C2)C(CC(CC3=CC=CC=C3)NC(=O)C(C(C)C)N4CCCNC4=O)O,ChEMBL,8.294440797318465,840,17.0
Lopinavir_variant_7,HIV-1,Protease,5.610099799554968,4.1298246109829115,7.737711010822564,-10.259587771821922,CC1=C(C(=CC=C1)C)OCC(=O)NC(CC2=CC=CC=C2)C(CC(CC3=CC=CC=C3)NC(=O)C(C(C)C)N4CCCNC4=O)O,ChEMBL,8.251029412895264,840,17.0
Lopinavir_variant_8,HIV-1,Protease,4.132435947039345,3.218384570389262,7.2406260309536306,-9.867247757183474,CC1=C(C(=CC=C1)C)OCC(=O)NC(CC2=CC=CC=C2)C(CC(CC3=CC=CC=C3)NC(=O)C(C(C)C)N4CCCNC4=O)O,ChEMBL,8.3837938692902,840,17.0
Lopinavir_variant_9,HIV-1,Protease,5.111509516499828,4.5358750422889695,4.711962742565888,-10.314051362120498,CC1=C(C(=CC=C1)C)OCC(=O)NC(CC2=CC=CC=C2)C(CC(CC3=CC=CC=C3)NC(=O)C(C(C)C)N4CCCNC4=O)O,ChEMBL,8.291450826308447,840,17.0
Lopinavir_variant_10,HIV-1,Protease,6.403095530169076,4.524488249352845,6.261587383372191,-10.151493625131687,CC1=C(C(=CC=C1)C)OCC(=O)NC(CC2=CC=CC=C2)C(CC(CC3=CC=CC=C3)NC(=O)C(C(C)C)N4CCCNC4=O)O,ChEMBL,8.19361001872623,840,17.0
Lopinavir_variant_11,HIV-1,Protease,5.493970111305409,3.6999872515791465,4.848653319573785,-10.572786182831786,CC1=C(C(=CC=C1)C)OCC(=O)NC(CC2=CC=CC=C2)C(CC(CC3=CC=CC=C3)NC(=O)C(C(C)C)N4CCCNC4=O)O,ChEMBL,8.260113707589364,840,17.0
Lopinavir_variant_12,HIV-1,Protease,4.707301806013286,4.776826133942324,5.058683247333931,-9.720660473127179,CC1=C(C(=CC=C1)C)OCC(=O)NC(CC2=CC=CC=C2)C(CC(CC3=CC=CC=C3)NC(=O)C(C(C)C)N4CCCNC4=O)O,ChEMBL,8.327227956253788,840,17.0
Lopinavir_variant_13,HIV-1,Protease,5.560595047500671,5.086674422868883,5.553431944979257,-10.027241107350868,CC1=C(C(=CC=C1)C)OCC(=O)NC(CC2=CC=CC=C2)C(CC(CC3=CC=CC=C3)NC(=O)C(C(C)C)N4CCCNC4=O)O,ChEMBL,8.254878731436243,840,17.0
Lopinavir_variant_14,HIV-1,Protease,4.484158365465142,3.874686839793879,6.945346201320046,-10.142941399520936,CC1=C(C(=CC=C1)C)OCC(=O)NC(CC2=CC=CC=C2)C(CC(CC3=CC=CC=C3)NC(=O)C(C(C)C)N4CCCNC4=O)O,ChEMBL,8.348319057978685,840,17.0
Lopinavir_variant_15,HIV-1,Protease,5.978212358026424,4.477846893045917,6.58635322372501,-10.53058775850317,CC1=C(C(=CC=C1)C)OCC(=O)NC(CC2=CC=CC=C2)C(CC(CC3=CC=CC=C3)NC(=O)C(C(C)C)N4CCCNC4=O)O,ChEMBL,8.223428662016541,840,17.0
Darunavir,HIV-1,Protease,1.2,1.0,1.5,-11.2,CC(C)CC1=CC=C(C=C1)C(C)C(=O)O,ChEMBL,8.920818753952375,290,5.9
Darunavir_variant_1,HIV-1,Protease,1.1419078636870195,1.173012413871557,1.789967905219239,-11.086053982091954,CC(C)CC1=CC=C(C=C1)C(C)C(=O)O,ChEMBL,8.942368936288569,290,5.9
Darunavir_variant_2,HIV-1,Protease,0.8534079285724031,0.7648555886851459,1.3939915362290431,-11.319871982813678,CC(C)CC1=CC=C(C=C1)C(C)C(=O)O,ChEMBL,9.068843326652182,290,5.9
Darunavir_variant_3,HIV-1,Protease,1.2899937653842486,0.8344791146064464,1.086324000840018,-10.769773024857415,CC(C)CC1=CC=C(C=C1)C(C)C(=O)O,ChEMBL,8.889412388666457,290,5.9
Darunavir_variant_4,HIV-1,Protease,1.3391314725151764,1.2943736287669358,1.4472138255856208,-11.2170987299875,CC(C)CC1=CC=C(C=C1)C(C)C(=O)O,ChEMBL,8.873176782969384,290,5.9
Darunavir_variant_5,HIV-1,Protease,1.504883494432004,0.9112082208299448,1.824199255515686,-10.839565152780613,CC(C)CC1=CC=C(C=C1)C(C)C(=O)O,ChEMBL,8.82249712112252,290,5.9
Darunavir_variant_6,HIV-1,Protease,1.4362425682329927,0.7362370456788966,1.237461436320129,-10.841627930711416,CC(C)CC1=CC=C(C=C1)C(C)C(=O)O,ChEMBL,8.842772205533425,290,5.9
Darunavir_variant_7,HIV-1,Protease,1.415974795534724,0.7247063891499143,1.8504752097719597,-11.074306243777633,CC(C)CC1=CC=C(C=C1)C(C)C(=O)O,ChEMBL,8.848944477054166,290,5.9
Darunavir_variant_8,HIV-1,Protease,1.3915294404754486,0.8058776858063026,1.7074996420758608,-11.135352320279937,CC(C)CC1=CC=C(C=C1)C(C)C(=O)O,ChEMBL,8.856507600899628,290,5.9
Darunavir_variant_9,HIV-1,Protease,0.8576483626407578,0.7938058991839854,1.2159179047044875,-10.857048434095953,CC(C)CC1=CC=C(C=C1)C(C)C(=O)O,ChEMBL,9.066690737171122,290,5.9
Darunavir_variant_10,HIV-1,Protease,1.1728778123577444,1.079976226837049,1.593922670867736,-10.793617881410198,CC(C)CC1=CC=C(C=C1)C(C)C(=O)O,ChEMBL,8.930747229302039,290,5.9
Darunavir_variant_11,HIV-1,Protease,1.4731670436073754,0.7332637387119266,1.2776127369982018,-10.879934467616302,CC(C)CC1=CC=C(C=C1)C(C)C(=O)O,ChEMBL,8.831748005361217,290,5.9
Darunavir_variant_12,HIV-1,Protease,1.4978838439085422,0.7772135660189229,1.8306610522989764,-10.938614407097566,CC(C)CC1=CC=C(C=C1)C(C)C(=O)O,ChEMBL,8.824521863475985,290,5.9
Darunavir_variant_13,HIV-1,Protease,0.9560865352250292,1.0481772618128125,1.8767271958862348,-11.655317861136014,CC(C)CC1=CC=C(C=C1)C(C)C(=O)O,ChEMBL,9.019502798027341,290,5.9
Darunavir_variant_14,HIV-1,Protease,0.8657728257943617,0.8146624554443476,1.770395041276072,-11.156662420578767,CC(C)CC1=CC=C(C=C1)C(C)C(=O)O,ChEMBL,9.062596049607139,290,5.9
Darunavir_variant_15,HIV-1,Protease,1.5091980898913469,0.7739680967648498,1.6217020692130475,-11.618908903590146,CC(C)CC1=CC=C(C=C1)C(C)C(=O)O,ChEMBL,8.82125375313323,290,5.9
